transaction_id,timestamp,amount,hour,account_age_days,distance_km,transactions_1h,international,device_new,is_fraud,label_available_at,score,day
TX-012814,2025-03-30 23:40:00,84.95,23,47,45.68,1,1,1,0,2025-04-02 23:40:00,0.046799750043776914,2025-03-30
TX-012813,2025-03-30 23:30:00,59.59,23,724,2.84,3,0,1,0,2025-04-02 23:30:00,0.036955977806266326,2025-03-30
TX-012801,2025-03-30 21:30:00,238.46,21,845,20.6,2,1,0,0,2025-04-02 21:30:00,0.009405601448883921,2025-03-30
TX-012800,2025-03-30 21:20:00,277.55,21,183,20.23,4,0,0,0,2025-04-02 21:20:00,0.009177588768693297,2025-03-30
TX-012803,2025-03-30 21:50:00,55.17,21,430,14.75,2,1,0,0,2025-04-02 21:50:00,0.008574200953015853,2025-03-30
TX-012815,2025-03-30 23:50:00,83.93,23,406,12.65,4,0,0,0,2025-04-02 23:50:00,0.007614955661837731,2025-03-30
TX-012805,2025-03-30 22:10:00,12.89,22,66,8.58,4,0,0,0,2025-04-02 22:10:00,0.007569343567936569,2025-03-30
TX-012807,2025-03-30 22:30:00,234.82,22,1762,4.88,3,0,0,0,2025-04-02 22:30:00,0.005360672186128012,2025-03-30
TX-012806,2025-03-30 22:20:00,28.57,22,998,9.46,3,0,0,0,2025-04-02 22:20:00,0.005057411286572359,2025-03-30
TX-012808,2025-03-30 22:40:00,137.66,22,836,42.57,2,0,0,0,2025-04-02 22:40:00,0.004103016248425544,2025-03-30
TX-012862,2025-03-31 07:40:00,5.25,7,1418,49.59,4,1,1,0,2025-04-03 07:40:00,0.17087056889241412,2025-03-31
TX-012820,2025-03-31 00:40:00,9.8,0,1671,105.35,3,1,1,0,2025-04-03 00:40:00,0.1657207979664315,2025-03-31
TX-012843,2025-03-31 04:30:00,9.22,4,1657,59.95,3,1,1,0,2025-04-03 04:30:00,0.13576840356729603,2025-03-31
TX-012859,2025-03-31 07:10:00,51.69,7,810,112.28,10,0,0,0,2025-04-03 07:10:00,0.12149942309756342,2025-03-31
TX-012828,2025-03-31 02:00:00,333.9,2,484,24.45,3,0,1,0,2025-04-03 02:00:00,0.07678103042146495,2025-03-31
TX-012947,2025-03-31 21:50:00,78.49,21,1293,69.0,4,0,1,0,2025-04-03 21:50:00,0.06496437013260863,2025-03-31
TX-012855,2025-03-31 06:30:00,213.75,6,563,2.83,3,0,1,0,2025-04-03 06:30:00,0.06169795314352635,2025-03-31
TX-012832,2025-03-31 02:40:00,23.99,2,699,120.58,2,0,1,0,2025-04-03 02:40:00,0.05961218141454502,2025-03-31
TX-012931,2025-03-31 19:10:00,27.29,19,1361,21.67,4,0,1,0,2025-04-03 19:10:00,0.058446739971626485,2025-03-31
TX-012858,2025-03-31 07:00:00,26.97,7,237,12.73,3,0,1,0,2025-04-03 07:00:00,0.05716371741393425,2025-03-31
TX-013099,2025-04-01 23:10:00,52.24,23,366,8.49,5,1,1,0,2025-04-04 23:10:00,0.15822327710512563,2025-04-01
TX-013017,2025-04-01 09:30:00,24.44,9,402,10.18,4,1,1,0,2025-04-04 09:30:00,0.15655889608832607,2025-04-01
TX-013091,2025-04-01 21:50:00,500.61,21,1236,22.15,6,0,1,1,2025-04-04 21:50:00,0.13792748213523345,2025-04-01
TX-013010,2025-04-01 08:20:00,67.91,8,393,56.23,5,0,1,0,2025-04-04 08:20:00,0.12449246160238704,2025-04-01
TX-012993,2025-04-01 05:30:00,192.21,5,591,98.96,4,0,1,0,2025-04-04 05:30:00,0.1126648972299007,2025-04-01
TX-013060,2025-04-01 16:40:00,21.0,16,628,5.68,3,1,1,0,2025-04-04 16:40:00,0.0940538452033603,2025-04-01
TX-013009,2025-04-01 08:10:00,20.42,8,196,15.98,4,0,1,0,2025-04-04 08:10:00,0.07935494750974643,2025-04-01
TX-013049,2025-04-01 14:50:00,127.97,14,306,8.01,2,1,1,1,2025-04-04 14:50:00,0.075624205517148,2025-04-01
TX-012997,2025-04-01 06:10:00,43.48,6,188,6.9,3,0,1,0,2025-04-04 06:10:00,0.05830454511484285,2025-04-01
TX-013101,2025-04-01 23:30:00,5.21,23,1026,47.02,3,0,1,0,2025-04-04 23:30:00,0.03999188736425468,2025-04-01
TX-013105,2025-04-02 00:10:00,326.84,0,757,130.61,4,1,1,1,2025-04-05 00:10:00,0.27682502821308247,2025-04-02
TX-013119,2025-04-02 02:30:00,13.35,2,1519,25.48,4,0,1,0,2025-04-05 02:30:00,0.08826462210415707,2025-04-02
TX-013153,2025-04-02 08:10:00,55.74,8,801,0.22,2,1,1,0,2025-04-05 08:10:00,0.08091096984203278,2025-04-02
TX-013182,2025-04-02 13:00:00,25.02,13,393,38.51,4,0,1,0,2025-04-05 13:00:00,0.07403925928440021,2025-04-02
TX-013201,2025-04-02 16:10:00,20.09,16,13,26.03,4,0,1,0,2025-04-05 16:10:00,0.0675601465715584,2025-04-02
TX-013236,2025-04-02 22:00:00,75.46,22,176,22.25,2,1,1,0,2025-04-05 22:00:00,0.06324750641167066,2025-04-02
TX-013188,2025-04-02 14:00:00,37.37,14,75,45.39,3,0,1,0,2025-04-05 14:00:00,0.05309527386940533,2025-04-02
TX-013109,2025-04-02 00:50:00,116.25,0,1038,33.34,2,0,1,0,2025-04-05 00:50:00,0.05106884235418985,2025-04-02
TX-013161,2025-04-02 09:30:00,102.49,9,226,89.59,2,0,1,0,2025-04-05 09:30:00,0.04896477963096047,2025-04-02
TX-013193,2025-04-02 14:50:00,51.79,14,613,10.11,3,0,1,0,2025-04-05 14:50:00,0.04739435020576745,2025-04-02
TX-013362,2025-04-03 19:00:00,65.21,19,1329,82.06,6,0,1,1,2025-04-06 19:00:00,0.1364919424906955,2025-04-03
TX-013263,2025-04-03 02:30:00,65.1,2,811,64.89,4,0,1,0,2025-04-06 02:30:00,0.10339102180557039,2025-04-03
TX-013260,2025-04-03 02:00:00,15.72,2,1490,28.53,3,0,1,0,2025-04-06 02:00:00,0.06332667719008028,2025-04-03
TX-013353,2025-04-03 17:30:00,8.27,17,1133,6.01,4,0,1,0,2025-04-06 17:30:00,0.05896418183464537,2025-04-03
TX-013317,2025-04-03 11:30:00,49.08,11,1774,59.81,3,0,1,0,2025-04-06 11:30:00,0.05526212029010081,2025-04-03
TX-013327,2025-04-03 13:10:00,26.47,13,810,35.91,1,1,1,0,2025-04-06 13:10:00,0.054853374761630304,2025-04-03
TX-013252,2025-04-03 00:40:00,25.82,0,254,13.55,2,0,1,0,2025-04-06 00:40:00,0.04798435043845702,2025-04-03
TX-013366,2025-04-03 19:40:00,127.3,19,439,12.67,3,0,1,0,2025-04-06 19:40:00,0.044079105457164605,2025-04-03
TX-013384,2025-04-03 22:40:00,196.66,22,1520,10.58,1,1,1,0,2025-04-06 22:40:00,0.04305215274550544,2025-04-03
TX-013267,2025-04-03 03:10:00,99.88,3,367,20.45,5,1,0,0,2025-04-06 03:10:00,0.04225382058467095,2025-04-03
TX-013431,2025-04-04 06:30:00,90.04,6,145,3.75,3,1,1,0,2025-04-07 06:30:00,0.12498573163211743,2025-04-04
TX-013480,2025-04-04 14:40:00,43.99,14,731,77.63,5,0,1,0,2025-04-07 14:40:00,0.11131308027957786,2025-04-04
TX-013456,2025-04-04 10:40:00,29.92,10,356,0.16,5,0,1,0,2025-04-07 10:40:00,0.10142232130248466,2025-04-04
TX-013505,2025-04-04 18:50:00,347.9,18,219,42.62,2,1,1,0,2025-04-07 18:50:00,0.08399746749460664,2025-04-04
TX-013513,2025-04-04 20:10:00,58.5,20,783,135.42,4,0,1,0,2025-04-07 20:10:00,0.08044356760974362,2025-04-04
TX-013482,2025-04-04 15:00:00,77.67,15,1034,120.84,3,0,1,0,2025-04-07 15:00:00,0.06188580961060285,2025-04-04
TX-013413,2025-04-04 03:30:00,23.75,3,654,62.13,2,0,1,0,2025-04-07 03:30:00,0.049767390647739704,2025-04-04
TX-013399,2025-04-04 01:10:00,18.31,1,106,24.02,2,0,1,0,2025-04-07 01:10:00,0.04829587344122677,2025-04-04
TX-013468,2025-04-04 12:40:00,45.0,12,1708,120.71,2,0,1,0,2025-04-07 12:40:00,0.04474852772245629,2025-04-04
TX-013426,2025-04-04 05:40:00,34.12,5,1020,22.5,2,0,1,1,2025-04-07 05:40:00,0.04197681805027789,2025-04-04
TX-013561,2025-04-05 04:10:00,68.41,4,919,54.44,4,1,1,0,2025-04-08 04:10:00,0.1933811234694494,2025-04-05
TX-013549,2025-04-05 02:10:00,41.84,2,1235,54.48,3,1,1,1,2025-04-08 02:10:00,0.14486557793650037,2025-04-05
TX-013537,2025-04-05 00:10:00,25.28,0,700,0.83,2,1,1,0,2025-04-08 00:10:00,0.09724071575465405,2025-04-05
TX-013627,2025-04-05 15:10:00,42.31,15,868,5.11,3,1,1,0,2025-04-08 15:10:00,0.09613505328116685,2025-04-05
TX-013604,2025-04-05 11:20:00,49.35,11,827,39.96,2,1,1,0,2025-04-08 11:20:00,0.08312499836905662,2025-04-05
TX-013613,2025-04-05 12:50:00,35.39,12,424,3.92,4,0,1,0,2025-04-08 12:50:00,0.06949491966668299,2025-04-05
TX-013557,2025-04-05 03:30:00,146.52,3,1037,33.37,3,0,1,0,2025-04-08 03:30:00,0.06819523867352177,2025-04-05
TX-013648,2025-04-05 18:40:00,10.34,18,427,7.99,2,1,1,0,2025-04-08 18:40:00,0.06431863595335399,2025-04-05
TX-013589,2025-04-05 08:50:00,22.25,8,1405,14.31,1,1,1,0,2025-04-08 08:50:00,0.05689374192737662,2025-04-05
TX-013617,2025-04-05 13:30:00,31.46,13,1210,38.92,3,0,1,0,2025-04-08 13:30:00,0.050567330775926414,2025-04-05
TX-013736,2025-04-06 09:20:00,13.82,9,899,55.59,6,0,1,0,2025-04-09 09:20:00,0.1594712499727253,2025-04-06
TX-013681,2025-04-06 00:10:00,123.17,0,700,28.64,5,0,1,0,2025-04-09 00:10:00,0.14137596471003072,2025-04-06
TX-013732,2025-04-06 08:40:00,5.13,8,1238,30.42,3,1,1,0,2025-04-09 08:40:00,0.11690585558611101,2025-04-06
TX-013764,2025-04-06 14:00:00,128.62,14,37,70.25,4,0,1,0,2025-04-09 14:00:00,0.08397530919921659,2025-04-06
TX-013717,2025-04-06 06:10:00,107.95,6,1735,4.4,4,0,1,0,2025-04-09 06:10:00,0.0786238223138096,2025-04-06
TX-013697,2025-04-06 02:50:00,51.33,2,701,89.07,3,0,1,0,2025-04-09 02:50:00,0.07846150659094689,2025-04-06
TX-013823,2025-04-06 23:50:00,280.35,23,282,170.54,3,0,1,0,2025-04-09 23:50:00,0.06640700116537773,2025-04-06
TX-013680,2025-04-06 00:00:00,204.32,0,554,63.93,0,1,1,1,2025-04-09 00:00:00,0.06374835203904662,2025-04-06
TX-013704,2025-04-06 04:00:00,31.52,4,1404,17.52,3,0,1,0,2025-04-09 04:00:00,0.05921381598546957,2025-04-06
TX-013730,2025-04-06 08:20:00,59.97,8,856,4.89,3,0,1,0,2025-04-09 08:20:00,0.053916623001818605,2025-04-06
TX-013908,2025-04-07 14:00:00,444.01,14,746,0.96,5,0,1,1,2025-04-10 14:00:00,0.11062392549962902,2025-04-07
TX-013848,2025-04-07 04:00:00,29.86,4,681,24.71,4,0,1,0,2025-04-10 04:00:00,0.08788823455493577,2025-04-07
TX-013932,2025-04-07 18:00:00,162.26,18,11,56.81,4,0,1,0,2025-04-10 18:00:00,0.07486291107267214,2025-04-07
TX-013867,2025-04-07 07:10:00,9.05,7,1794,7.74,4,0,1,0,2025-04-10 07:10:00,0.07354360841888555,2025-04-07
TX-013896,2025-04-07 12:00:00,51.27,12,969,24.39,4,0,1,0,2025-04-10 12:00:00,0.0721106467454066,2025-04-07
TX-013915,2025-04-07 15:10:00,28.03,15,1242,8.22,2,1,1,0,2025-04-10 15:10:00,0.067321060047818,2025-04-07
TX-013930,2025-04-07 17:40:00,94.02,17,858,5.07,2,1,1,0,2025-04-10 17:40:00,0.06683825126755201,2025-04-07
TX-013905,2025-04-07 13:30:00,65.55,13,1606,1.32,4,0,1,0,2025-04-10 13:30:00,0.06471412699864619,2025-04-07
TX-013838,2025-04-07 02:20:00,39.84,2,194,96.61,2,0,1,0,2025-04-10 02:20:00,0.05768651518166495,2025-04-07
TX-013834,2025-04-07 01:40:00,556.31,1,1737,100.92,1,0,1,0,2025-04-10 01:40:00,0.05081526157779393,2025-04-07
TX-013986,2025-04-08 03:00:00,41.8,3,1061,54.28,4,0,1,0,2025-04-11 03:00:00,0.09608468667597396,2025-04-08
TX-014072,2025-04-08 17:20:00,28.72,17,1188,50.32,2,1,1,0,2025-04-11 17:20:00,0.07186884129422662,2025-04-08
TX-014070,2025-04-08 17:00:00,535.82,17,99,45.42,3,0,1,0,2025-04-11 17:00:00,0.06315939300765959,2025-04-08
TX-014026,2025-04-08 09:40:00,834.93,9,1393,2.13,2,0,1,0,2025-04-11 09:40:00,0.0529067481349198,2025-04-08
TX-014099,2025-04-08 21:50:00,10.63,21,1766,24.61,7,1,0,0,2025-04-11 21:50:00,0.049260720166726266,2025-04-08
TX-013999,2025-04-08 05:10:00,60.82,5,1357,34.11,2,0,1,0,2025-04-11 05:10:00,0.04322316032142841,2025-04-08
TX-014010,2025-04-08 07:00:00,147.27,7,1099,30.17,2,0,1,0,2025-04-11 07:00:00,0.043002286499600646,2025-04-08
TX-014013,2025-04-08 07:30:00,80.38,7,703,17.36,2,0,1,0,2025-04-11 07:30:00,0.040897236698233995,2025-04-08
TX-014092,2025-04-08 20:40:00,33.76,20,1340,1.54,3,0,1,0,2025-04-11 20:40:00,0.03808413888475288,2025-04-08
TX-013975,2025-04-08 01:10:00,6.37,1,1167,255.64,5,0,0,0,2025-04-11 01:10:00,0.03539873106731125,2025-04-08
TX-014121,2025-04-09 01:30:00,102.43,1,1423,21.34,4,1,1,0,2025-04-12 01:30:00,0.18995889783380593,2025-04-09
TX-014139,2025-04-09 04:30:00,26.63,4,513,15.53,3,1,1,0,2025-04-12 04:30:00,0.128805468992826,2025-04-09
TX-014153,2025-04-09 06:50:00,6.59,6,1054,27.34,5,0,1,0,2025-04-12 06:50:00,0.11451486651480496,2025-04-09
TX-014189,2025-04-09 12:50:00,42.5,12,1316,4.51,3,1,1,0,2025-04-12 12:50:00,0.10105572032245885,2025-04-09
TX-014130,2025-04-09 03:00:00,28.44,3,482,77.28,1,1,1,1,2025-04-12 03:00:00,0.07962489543438286,2025-04-09
TX-014224,2025-04-09 18:40:00,5.77,18,440,98.18,4,0,1,0,2025-04-12 18:40:00,0.07581058367784017,2025-04-09
TX-014114,2025-04-09 00:20:00,57.73,0,1774,29.58,3,0,1,0,2025-04-12 00:20:00,0.06723123968017926,2025-04-09
TX-014151,2025-04-09 06:30:00,1.57,6,1357,60.78,1,1,1,1,2025-04-12 06:30:00,0.0671494436477185,2025-04-09
TX-014115,2025-04-09 00:30:00,84.98,0,1256,129.49,2,0,1,1,2025-04-12 00:30:00,0.06443596232307783,2025-04-09
TX-014215,2025-04-09 17:10:00,42.27,17,658,6.87,4,0,1,0,2025-04-12 17:10:00,0.06145613659420613,2025-04-09
TX-014275,2025-04-10 03:10:00,97.48,3,1239,7.81,6,0,1,0,2025-04-13 03:10:00,0.16625139275282447,2025-04-10
TX-014298,2025-04-10 07:00:00,47.12,7,1255,51.26,3,1,1,0,2025-04-13 07:00:00,0.12844107914470582,2025-04-10
TX-014308,2025-04-10 08:40:00,325.73,8,1269,52.34,1,1,1,0,2025-04-13 08:40:00,0.07366104587570266,2025-04-10
TX-014302,2025-04-10 07:40:00,130.52,7,829,78.64,3,0,1,0,2025-04-13 07:40:00,0.06981883662714357,2025-04-10
TX-014351,2025-04-10 15:50:00,50.21,15,124,22.98,4,0,1,0,2025-04-13 15:50:00,0.06935766292280186,2025-04-10
TX-014267,2025-04-10 01:50:00,10.97,1,1574,29.91,3,0,1,0,2025-04-13 01:50:00,0.06474390486847814,2025-04-10
TX-014379,2025-04-10 20:30:00,7.14,20,604,47.57,4,0,1,0,2025-04-13 20:30:00,0.06267017323642253,2025-04-10
TX-014341,2025-04-10 14:10:00,31.91,14,177,5.13,1,1,1,0,2025-04-13 14:10:00,0.050856618191460215,2025-04-10
TX-014360,2025-04-10 17:20:00,186.13,17,1558,17.8,3,0,1,0,2025-04-13 17:20:00,0.04593445092718552,2025-04-10
TX-014320,2025-04-10 10:40:00,36.21,10,1332,56.83,2,0,1,0,2025-04-13 10:40:00,0.04006960029142453,2025-04-10
TX-014442,2025-04-11 07:00:00,5.57,7,828,85.96,6,0,1,0,2025-04-14 07:00:00,0.17892381081275205,2025-04-11
TX-014492,2025-04-11 15:20:00,77.54,15,38,88.28,3,1,1,0,2025-04-14 15:20:00,0.1252097455717132,2025-04-11
TX-014452,2025-04-11 08:40:00,63.32,8,70,138.72,2,1,1,0,2025-04-14 08:40:00,0.11973315298496312,2025-04-11
TX-014480,2025-04-11 13:20:00,239.97,13,1219,45.39,4,0,1,0,2025-04-14 13:20:00,0.08065470739052005,2025-04-11
TX-014432,2025-04-11 05:20:00,257.19,5,1698,35.01,3,0,1,0,2025-04-14 05:20:00,0.06680105930116875,2025-04-11
TX-014417,2025-04-11 02:50:00,28.94,2,1174,31.66,3,0,1,0,2025-04-14 02:50:00,0.06522741872583322,2025-04-11
TX-014450,2025-04-11 08:20:00,63.31,8,1591,17.78,3,0,1,0,2025-04-14 08:20:00,0.05402284639802143,2025-04-11
TX-014530,2025-04-11 21:40:00,145.96,21,1343,47.9,9,0,0,0,2025-04-14 21:40:00,0.053241516548852466,2025-04-11
TX-014501,2025-04-11 16:50:00,13.6,16,40,23.29,3,0,1,0,2025-04-14 16:50:00,0.04707528749822829,2025-04-11
TX-014438,2025-04-11 06:20:00,63.24,6,308,17.01,2,0,1,0,2025-04-14 06:20:00,0.0423282462249707,2025-04-11
TX-014653,2025-04-12 18:10:00,23.42,18,884,212.0,4,0,1,0,2025-04-15 18:10:00,0.10075503464687718,2025-04-12
TX-014553,2025-04-12 01:30:00,67.89,1,540,35.77,3,0,1,0,2025-04-15 01:30:00,0.07094878454990058,2025-04-12
TX-014666,2025-04-12 20:20:00,8.07,20,38,32.63,4,0,1,0,2025-04-15 20:20:00,0.06185070981696857,2025-04-12
TX-014583,2025-04-12 06:30:00,164.73,6,1186,12.76,8,0,0,0,2025-04-15 06:30:00,0.05044736371738591,2025-04-12
TX-014550,2025-04-12 01:00:00,35.85,1,943,163.6,1,0,1,0,2025-04-15 01:00:00,0.04808028701885325,2025-04-12
TX-014604,2025-04-12 10:00:00,126.13,10,1056,11.25,8,0,0,0,2025-04-15 10:00:00,0.044830421652804014,2025-04-12
TX-014642,2025-04-12 16:20:00,14.15,16,1560,4.25,1,1,1,0,2025-04-15 16:20:00,0.044794444745203894,2025-04-12
TX-014595,2025-04-12 08:30:00,22.9,8,746,60.01,2,0,1,0,2025-04-15 08:30:00,0.04342205249971392,2025-04-12
TX-014585,2025-04-12 06:50:00,21.1,6,396,9.2,2,0,1,0,2025-04-15 06:50:00,0.040386200828683584,2025-04-12
TX-014630,2025-04-12 14:20:00,375.55,14,1006,8.96,2,0,1,0,2025-04-15 14:20:00,0.03834519282578649,2025-04-12
TX-014807,2025-04-13 19:50:00,124.63,19,985,8.64,7,0,1,0,2025-04-16 19:50:00,0.16314218632008962,2025-04-13
TX-014758,2025-04-13 11:40:00,196.38,11,1639,34.24,5,0,1,0,2025-04-16 11:40:00,0.1104628866272953,2025-04-13
TX-014782,2025-04-13 15:40:00,26.09,15,352,39.05,3,1,1,0,2025-04-16 15:40:00,0.10648068330017835,2025-04-13
TX-014695,2025-04-13 01:10:00,22.75,1,1542,53.02,4,0,1,0,2025-04-16 01:10:00,0.09741729565223195,2025-04-13
TX-014777,2025-04-13 14:50:00,156.72,14,57,83.87,2,1,1,0,2025-04-16 14:50:00,0.0945340036794042,2025-04-13
TX-014724,2025-04-13 06:00:00,41.28,6,1772,53.91,2,1,1,0,2025-04-16 06:00:00,0.0927931760191782,2025-04-13
TX-014761,2025-04-13 12:10:00,10.74,12,108,70.12,4,0,1,0,2025-04-16 12:10:00,0.08293051864812108,2025-04-13
TX-014809,2025-04-13 20:10:00,72.82,20,1007,87.46,4,0,1,0,2025-04-16 20:10:00,0.07066257770637227,2025-04-13
TX-014728,2025-04-13 06:40:00,48.75,6,674,54.98,1,1,1,0,2025-04-16 06:40:00,0.06985248107670013,2025-04-13
TX-014709,2025-04-13 03:30:00,38.15,3,148,9.61,1,1,1,0,2025-04-16 03:30:00,0.06794804314709066,2025-04-13
TX-014891,2025-04-14 09:50:00,62.8,9,1079,7.04,6,0,1,0,2025-04-17 09:50:00,0.14387246196359355,2025-04-14
TX-014868,2025-04-14 06:00:00,28.11,6,331,82.37,5,0,1,0,2025-04-17 06:00:00,0.1368979910579229,2025-04-14
TX-014925,2025-04-14 15:30:00,302.68,15,723,33.69,5,0,1,0,2025-04-17 15:30:00,0.10994003509822771,2025-04-14
TX-014872,2025-04-14 06:40:00,11.0,6,1681,193.74,3,0,1,0,2025-04-17 06:40:00,0.08781237065731222,2025-04-14
TX-014870,2025-04-14 06:20:00,6.69,6,1454,15.75,2,1,1,0,2025-04-17 06:20:00,0.08383299828714821,2025-04-14
TX-014833,2025-04-14 00:10:00,15.02,0,1731,69.35,1,1,1,0,2025-04-17 00:10:00,0.07871721670903085,2025-04-14
TX-014931,2025-04-14 16:30:00,327.77,16,1290,106.4,3,0,1,0,2025-04-17 16:30:00,0.06500423954998208,2025-04-14
TX-014880,2025-04-14 08:00:00,51.44,8,642,59.09,3,0,1,1,2025-04-17 08:00:00,0.06271972911711747,2025-04-14
TX-014849,2025-04-14 02:50:00,54.42,2,469,122.57,2,0,1,0,2025-04-17 02:50:00,0.061502259680001885,2025-04-14
TX-014835,2025-04-14 00:30:00,252.26,0,234,37.91,2,0,1,0,2025-04-17 00:30:00,0.057481752755461704,2025-04-14
TX-015031,2025-04-15 09:10:00,23.15,9,679,17.05,4,1,1,0,2025-04-18 09:10:00,0.15724242026612298,2025-04-15
TX-014990,2025-04-15 02:20:00,172.35,2,184,10.13,3,1,1,1,2025-04-18 02:20:00,0.14424070194273503,2025-04-15
TX-015016,2025-04-15 06:40:00,166.33,6,1150,50.64,5,0,1,0,2025-04-18 06:40:00,0.13022324348017936,2025-04-15
TX-014977,2025-04-15 00:10:00,23.09,0,209,19.92,4,0,1,0,2025-04-18 00:10:00,0.09726838505315251,2025-04-15
TX-015090,2025-04-15 19:00:00,150.07,19,1543,62.67,2,1,1,0,2025-04-18 19:00:00,0.0738423046650164,2025-04-15
TX-015065,2025-04-15 14:50:00,194.08,14,1043,16.49,4,0,1,0,2025-04-18 14:50:00,0.0718976756974894,2025-04-15
TX-014998,2025-04-15 03:40:00,18.38,3,556,45.5,3,0,1,0,2025-04-18 03:40:00,0.06758844186934675,2025-04-15
TX-015103,2025-04-15 21:10:00,315.15,21,1010,5.47,4,0,1,0,2025-04-18 21:10:00,0.06249085078357662,2025-04-15
TX-015032,2025-04-15 09:20:00,6.07,9,1058,27.13,3,0,1,0,2025-04-18 09:20:00,0.05383391430203034,2025-04-15
TX-015063,2025-04-15 14:30:00,222.49,14,653,13.97,3,0,1,0,2025-04-18 14:30:00,0.05210038540394866,2025-04-15
TX-015145,2025-04-16 04:10:00,52.32,4,1246,122.94,3,0,1,0,2025-04-19 04:10:00,0.07971871288076843,2025-04-16
TX-015254,2025-04-16 22:20:00,56.87,22,1394,93.43,4,0,1,0,2025-04-19 22:20:00,0.06660894394113923,2025-04-16
TX-015155,2025-04-16 05:50:00,146.34,5,1681,19.06,3,0,1,0,2025-04-19 05:50:00,0.06063343275427331,2025-04-16
TX-015151,2025-04-16 05:10:00,80.97,5,1143,18.82,3,0,1,0,2025-04-19 05:10:00,0.0601392694558663,2025-04-16
TX-015183,2025-04-16 10:30:00,88.67,10,1407,25.03,3,0,1,0,2025-04-19 10:30:00,0.05353696175988344,2025-04-16
TX-015124,2025-04-16 00:40:00,13.93,0,1377,5.33,8,0,0,0,2025-04-19 00:40:00,0.05278209661097791,2025-04-16
TX-015176,2025-04-16 09:20:00,28.83,9,585,125.47,2,0,1,0,2025-04-19 09:20:00,0.05112214520295955,2025-04-16
TX-015150,2025-04-16 05:00:00,63.82,5,365,81.69,5,1,0,0,2025-04-19 05:00:00,0.04661249992524346,2025-04-16
TX-015147,2025-04-16 04:30:00,27.14,4,871,7.2,2,0,1,0,2025-04-19 04:30:00,0.04143590080555798,2025-04-16
TX-015141,2025-04-16 03:30:00,55.3,3,1469,20.55,5,1,0,0,2025-04-19 03:30:00,0.039207330494338305,2025-04-16
TX-015320,2025-04-17 09:20:00,36.2,9,1105,55.62,4,0,1,0,2025-04-20 09:20:00,0.08307890092530026,2025-04-17
TX-015368,2025-04-17 17:20:00,35.51,17,1141,100.58,2,1,1,0,2025-04-20 17:20:00,0.08247960746922392,2025-04-17
TX-015274,2025-04-17 01:40:00,111.63,1,5,67.43,3,0,1,0,2025-04-20 01:40:00,0.08074875088128207,2025-04-17
TX-015312,2025-04-17 08:00:00,24.83,8,1682,42.19,4,0,1,0,2025-04-20 08:00:00,0.07960287354533468,2025-04-17
TX-015300,2025-04-17 06:00:00,44.98,6,742,14.66,1,1,1,0,2025-04-20 06:00:00,0.06242874106880781,2025-04-17
TX-015325,2025-04-17 10:10:00,242.96,10,436,13.67,3,0,1,1,2025-04-20 10:10:00,0.05870592175889744,2025-04-17
TX-015322,2025-04-17 09:40:00,36.65,9,79,1.55,1,1,1,0,2025-04-20 09:40:00,0.05746548203813528,2025-04-17
TX-015372,2025-04-17 18:00:00,45.51,18,1747,114.64,3,0,1,0,2025-04-20 18:00:00,0.05376511974852289,2025-04-17
TX-015298,2025-04-17 05:40:00,4.78,5,616,111.91,2,0,1,0,2025-04-20 05:40:00,0.05373671709409693,2025-04-17
TX-015388,2025-04-17 20:40:00,55.11,20,77,34.46,3,0,1,0,2025-04-20 20:40:00,0.04473029892266912,2025-04-17
TX-015492,2025-04-18 14:00:00,77.64,14,1759,0.89,6,1,1,0,2025-04-21 14:00:00,0.24218208742109448,2025-04-18
TX-015437,2025-04-18 04:50:00,96.88,4,28,28.56,4,1,1,0,2025-04-21 04:50:00,0.19113046732434877,2025-04-18
TX-015465,2025-04-18 09:30:00,14.45,9,514,14.27,3,1,1,0,2025-04-21 09:30:00,0.11368300095059797,2025-04-18
TX-015432,2025-04-18 04:00:00,314.17,4,1252,75.32,4,0,1,0,2025-04-21 04:00:00,0.11176561555482303,2025-04-18
TX-015477,2025-04-18 11:30:00,59.3,11,35,12.65,8,1,0,0,2025-04-21 11:30:00,0.09550754575136572,2025-04-18
TX-015438,2025-04-18 05:00:00,43.59,5,1379,142.14,1,1,1,0,2025-04-21 05:00:00,0.08692387361369129,2025-04-18
TX-015422,2025-04-18 02:20:00,24.22,2,386,66.32,3,0,1,0,2025-04-21 02:20:00,0.07398271474796557,2025-04-18
TX-015418,2025-04-18 01:40:00,38.48,1,598,31.99,3,0,1,1,2025-04-21 01:40:00,0.06904413000169486,2025-04-18
TX-015494,2025-04-18 14:20:00,39.91,14,1777,20.67,4,0,1,0,2025-04-21 14:20:00,0.06511932927403391,2025-04-18
TX-015529,2025-04-18 20:10:00,44.63,20,397,31.43,4,0,1,0,2025-04-21 20:10:00,0.061745586732775394,2025-04-18
TX-015591,2025-04-19 06:30:00,56.48,6,1672,14.87,3,1,1,0,2025-04-22 06:30:00,0.11838081816916085,2025-04-19
TX-015563,2025-04-19 01:50:00,70.49,1,387,27.59,4,0,1,1,2025-04-22 01:50:00,0.09830942731007945,2025-04-19
TX-015656,2025-04-19 17:20:00,39.56,17,1280,149.25,4,0,1,0,2025-04-22 17:20:00,0.0868746740558093,2025-04-19
TX-015678,2025-04-19 21:00:00,30.99,21,1030,76.67,2,1,1,0,2025-04-22 21:00:00,0.07045160884779253,2025-04-19
TX-015677,2025-04-19 20:50:00,149.84,20,744,1.8,2,1,1,0,2025-04-22 20:50:00,0.06359331235735824,2025-04-19
TX-015642,2025-04-19 15:00:00,12.74,15,837,123.96,3,0,1,0,2025-04-22 15:00:00,0.06097471252632595,2025-04-19
TX-015650,2025-04-19 16:20:00,20.89,16,1503,9.93,4,0,1,0,2025-04-22 16:20:00,0.06041946782536386,2025-04-19
TX-015603,2025-04-19 08:30:00,212.63,8,740,6.26,3,0,1,1,2025-04-22 08:30:00,0.058733854922246455,2025-04-19
TX-015608,2025-04-19 09:20:00,32.58,9,532,0.5,3,0,1,0,2025-04-22 09:20:00,0.05204095462270992,2025-04-19
TX-015647,2025-04-19 15:50:00,136.04,15,681,11.89,1,1,1,0,2025-04-22 15:50:00,0.05198599983918496,2025-04-19
TX-015720,2025-04-20 04:00:00,90.54,4,242,80.24,7,0,1,1,2025-04-23 04:00:00,0.26576648835681194,2025-04-20
TX-015700,2025-04-20 00:40:00,54.51,0,656,188.38,1,1,1,0,2025-04-23 00:40:00,0.11442244601746394,2025-04-20
TX-015735,2025-04-20 06:30:00,48.81,6,1334,11.08,5,0,1,0,2025-04-23 06:30:00,0.11073511432336923,2025-04-20
TX-015771,2025-04-20 12:30:00,3.39,12,1776,17.49,5,0,1,0,2025-04-23 12:30:00,0.09368984007077284,2025-04-20
TX-015788,2025-04-20 15:20:00,22.88,15,815,5.95,2,1,1,0,2025-04-23 15:20:00,0.0680761498220306,2025-04-20
TX-015743,2025-04-20 07:50:00,85.44,7,1755,72.88,3,0,1,0,2025-04-23 07:50:00,0.06442090662266622,2025-04-20
TX-015830,2025-04-20 22:20:00,48.95,22,155,139.66,1,1,1,0,2025-04-23 22:20:00,0.06042028005441509,2025-04-20
TX-015799,2025-04-20 17:10:00,22.68,17,398,3.38,1,1,1,0,2025-04-23 17:10:00,0.046239039062775426,2025-04-20
TX-015730,2025-04-20 05:40:00,100.62,5,722,24.44,2,0,1,0,2025-04-23 05:40:00,0.04427053969317131,2025-04-20
TX-015758,2025-04-20 10:20:00,219.04,10,1233,21.93,2,0,1,0,2025-04-23 10:20:00,0.040164338748473215,2025-04-20
TX-015954,2025-04-21 19:00:00,32.62,19,29,103.92,5,0,1,0,2025-04-24 19:00:00,0.10854581435370791,2025-04-21
TX-015955,2025-04-21 19:10:00,15.88,19,184,65.77,3,1,1,0,2025-04-24 19:10:00,0.10398408125660558,2025-04-21
TX-015949,2025-04-21 18:10:00,146.43,18,1271,22.8,5,0,1,0,2025-04-24 18:10:00,0.09015933295594024,2025-04-21
TX-015934,2025-04-21 15:40:00,45.13,15,1619,10.43,4,0,1,0,2025-04-24 15:40:00,0.0624336466054294,2025-04-21
TX-015874,2025-04-21 05:40:00,43.33,5,1212,22.16,3,0,1,0,2025-04-24 05:40:00,0.059359653622989283,2025-04-21
TX-015886,2025-04-21 07:40:00,17.22,7,114,4.14,3,0,1,0,2025-04-24 07:40:00,0.05590687137640884,2025-04-21
TX-015910,2025-04-21 11:40:00,225.08,11,751,11.05,3,0,1,0,2025-04-24 11:40:00,0.05553065353286765,2025-04-21
TX-015855,2025-04-21 02:30:00,73.72,2,458,64.31,2,0,1,0,2025-04-24 02:30:00,0.05312622072980279,2025-04-21
TX-015951,2025-04-21 18:30:00,353.91,18,1721,7.57,1,1,1,0,2025-04-24 18:30:00,0.05065065139045717,2025-04-21
TX-015957,2025-04-21 19:30:00,74.99,19,439,61.21,3,0,1,0,2025-04-24 19:30:00,0.04898182190817437,2025-04-21
TX-015989,2025-04-22 00:50:00,379.55,0,1187,55.26,1,0,1,0,2025-04-25 00:50:00,0.04320140376341028,2025-04-22
TX-015994,2025-04-22 01:40:00,4.84,1,394,87.84,1,0,1,1,2025-04-25 01:40:00,0.039512837066584094,2025-04-22
TX-015986,2025-04-22 00:20:00,16.85,0,994,55.17,3,1,0,0,2025-04-25 00:20:00,0.022783189576118794,2025-04-22
TX-015988,2025-04-22 00:40:00,8.69,0,1609,93.6,5,0,0,0,2025-04-25 00:40:00,0.022726459571790786,2025-04-22
TX-015991,2025-04-22 01:10:00,202.98,1,64,45.72,4,0,0,0,2025-04-25 01:10:00,0.016066576560658824,2025-04-22
TX-015993,2025-04-22 01:30:00,201.36,1,208,10.36,3,0,0,0,2025-04-25 01:30:00,0.010010881169818808,2025-04-22
TX-015998,2025-04-22 02:20:00,37.68,2,291,12.44,3,0,0,0,2025-04-25 02:20:00,0.00896447790660421,2025-04-22
TX-015997,2025-04-22 02:10:00,119.65,2,191,71.63,2,0,0,0,2025-04-25 02:10:00,0.0077008407402602615,2025-04-22
TX-015992,2025-04-22 01:20:00,22.13,1,613,69.0,2,0,0,0,2025-04-25 01:20:00,0.00730058103288907,2025-04-22
TX-015990,2025-04-22 01:00:00,4.79,1,672,35.23,2,0,0,0,2025-04-25 01:00:00,0.006555537464598677,2025-04-22
